height,weight,label
190,69,normal
197,79,normal
148,83,fat
131,82,fat
191,70,normal
188,64,thin
130,53,fat
186,82,normal
150,78,fat
156,42,thin
155,44,thin
195,78,normal
181,46,thin
132,42,normal
195,63,thin
141,89,fat
186,49,thin
184,52,thin
199,75,normal
150,41,thin
151,99,fat
140,86,fat
183,95,fat
191,84,normal
199,38,thin
140,59,fat
163,80,fat
176,84,fat
169,49,thin
162,65,normal
172,81,fat
177,100,fat
194,57,thin
133,83,fat
185,39,thin
196,38,thin
158,89,fat
135,84,fat
156,48,normal
200,63,thin
152,44,normal
165,39,thin
185,70,normal
193,79,normal
136,100,fat
188,82,normal
156,78,fat
166,93,fat
190,96,fat
160,56,normal
189,81,normal
153,59,fat
158,35,thin
164,78,fat
152,65,fat
131,99,fat
135,66,fat
144,81,fat
199,99,normal
149,38,thin
171,70,normal
145,64,fat
197,99,fat
191,97,fat
175,68,normal
186,55,thin
187,72,normal
135,70,fat
172,100,fat
186,62,thin
166,67,normal
133,35,normal
133,51,fat
164,88,fat
147,65,fat
155,90,fat
190,42,thin
163,40,thin
183,90,fat
141,86,fat
155,79,fat
177,84,fat
150,37,thin
149,38,thin
134,44,normal
183,60,thin
178,47,thin
175,59,normal
169,69,normal
199,97,normal
145,62,fat
198,85,normal
161,44,thin
182,80,normal
171,45,thin
172,53,thin
141,74,fat
169,58,normal
185,81,normal
152,38,thin
156,97,fat
186,97,fat
152,42,thin
173,93,fat
160,76,fat
142,63,fat
130,81,fat
176,70,normal
155,90,fat
167,63,normal
196,53,thin
194,77,normal
150,99,fat
189,84,normal
194,66,thin
188,93,fat
136,64,fat
182,85,fat
196,91,normal
136,48,fat
200,74,normal
174,37,thin
171,98,fat
176,74,normal
151,52,normal
191,63,thin
199,52,thin
162,98,fat
135,89,fat
176,71,normal
182,71,normal
179,76,normal
148,51,normal
163,39,thin
178,87,fat
184,68,normal
173,87,fat
178,98,fat
179,86,fat
153,56,normal
156,67,fat
144,69,fat
196,41,thin
175,74,normal
147,74,fat
157,38,thin
169,40,thin
131,56,fat
155,55,normal
155,72,fat
154,58,normal
169,37,thin
143,81,fat
193,60,thin
187,47,thin
197,35,thin
146,85,fat
194,97,fat
167,94,fat
175,84,fat
183,38,thin
165,37,thin
149,97,fat
176,48,thin
184,86,fat
177,44,thin
146,79,fat
137,64,fat
143,89,fat
140,42,normal
131,66,fat
133,49,fat
133,64,fat
190,61,thin
188,78,normal
184,75,normal
160,85,fat
141,78,fat
137,81,fat
148,73,fat
145,97,fat
147,70,fat
131,60,fat
159,50,normal
191,90,normal
173,86,fat
170,78,fat
178,97,fat
173,59,normal
198,81,normal
138,64,fat
173,84,fat
164,51,normal
199,91,normal
165,67,normal
173,88,fat
143,50,normal
193,57,thin
176,54,thin
165,83,fat
172,74,fat
177,80,fat
172,99,fat
188,44,thin
152,86,fat
156,76,fat
176,79,fat
148,72,fat
173,77,fat
180,40,thin
196,77,normal
198,44,thin
197,47,thin
162,55,normal
192,46,thin
169,56,normal
186,64,thin
166,43,thin
159,59,normal
155,70,fat
145,62,fat
153,96,fat
169,93,fat
146,96,fat
180,91,fat
189,84,normal
176,69,normal
155,65,fat
197,97,normal
194,78,normal
175,86,fat
169,52,thin
133,44,normal
167,84,fat
167,96,fat
149,88,fat
170,57,normal
163,89,fat
182,41,thin
148,41,normal
187,49,thin
197,74,normal
161,55,normal
156,50,normal
200,83,normal
195,97,fat
169,46,thin
154,53,normal
159,83,fat
197,67,thin
197,81,normal
154,51,normal
156,48,normal
160,68,fat
134,91,fat
143,97,fat
196,58,thin
137,90,fat
168,37,thin
193,84,normal
175,86,fat
140,44,normal
199,93,normal
200,86,normal
199,36,thin
194,82,normal
183,53,thin
133,77,fat
139,70,fat
169,63,normal
168,87,fat
165,100,fat
180,45,thin
135,71,fat
176,71,normal
174,45,thin
145,40,normal
144,53,fat
138,54,fat
147,99,fat
198,56,thin
152,80,fat
158,86,fat
132,53,fat
166,93,fat
188,76,normal
151,67,fat
131,71,fat
185,90,fat
156,56,normal
132,80,fat
175,72,normal
142,97,fat
177,88,fat
175,76,normal
135,73,fat
198,36,thin
168,75,fat
147,42,normal
170,65,normal
199,61,thin
145,46,normal
138,57,fat
185,78,normal
164,40,thin
185,63,thin
177,75,normal
173,41,thin
170,96,fat
156,63,fat
138,47,normal
191,98,fat
150,100,fat
155,94,fat
198,84,normal
173,59,normal
147,56,fat
197,95,normal
187,54,thin
144,60,fat
182,62,normal
152,67,fat
139,76,fat
190,92,fat
196,46,thin
185,85,normal
155,56,normal
152,53,normal
140,56,fat
171,56,normal
135,64,fat
190,97,fat
147,55,fat
141,93,fat
159,54,normal
193,53,thin
165,66,normal
197,68,thin
162,45,thin
180,55,thin
200,69,thin
199,38,thin
184,40,thin
187,51,thin
155,90,fat
153,42,thin
132,36,normal
145,53,fat
181,73,normal
156,46,normal
186,46,thin
195,57,thin
167,43,thin
150,86,fat
133,77,fat
131,54,fat
143,45,normal
131,69,fat
177,68,normal
168,80,fat
145,56,fat
186,47,thin
185,87,fat
177,70,normal
176,48,thin
143,76,fat
165,64,normal
171,67,normal
191,96,fat
173,35,thin
145,45,normal
181,35,thin
150,64,fat
186,98,fat
198,85,normal
179,43,thin
141,55,fat
187,56,thin
187,74,normal
200,73,thin
160,41,thin
130,60,fat
170,98,fat
180,75,normal
152,52,normal
138,87,fat
146,45,normal
172,83,fat
130,75,fat
189,70,normal
175,44,thin
169,78,fat
173,37,thin
143,78,fat
184,65,normal
164,59,normal
137,88,fat
147,61,fat
131,64,fat
167,48,thin
136,53,fat
132,82,fat
198,46,thin
177,61,normal
152,90,fat
145,46,normal
140,80,fat
191,58,thin
147,57,fat
193,78,normal
184,47,thin
153,54,normal
169,91,fat
144,42,normal
133,95,fat
137,41,normal
195,65,thin
170,36,thin
169,56,normal
199,88,normal
183,44,thin
172,50,thin
135,97,fat
142,42,normal
190,89,normal
169,96,fat
193,89,normal
161,95,fat
181,51,thin
155,35,thin
189,77,normal
151,64,fat
191,70,normal
197,44,thin
156,53,normal
153,37,thin
151,98,fat
184,63,normal
182,90,fat
150,57,fat
174,98,fat
170,57,normal
186,57,thin
132,48,fat
161,67,fat
182,71,normal
187,78,normal
188,90,fat
138,35,thin
145,50,normal
198,99,fat
199,39,thin
148,60,fat
198,42,thin
133,50,fat
185,84,normal
186,38,thin
187,84,normal
135,57,fat
174,42,thin
155,86,fat
143,69,fat
200,70,thin
178,59,normal
180,61,normal
170,66,normal
143,55,fat
156,97,fat
188,59,thin
150,49,normal
199,42,thin
141,53,fat
185,83,normal
177,50,thin
194,84,normal
200,98,normal
185,42,thin
158,53,normal
164,96,fat
187,50,thin
172,71,normal
130,61,fat
160,99,fat
183,51,thin
141,39,normal
181,38,thin
195,70,thin
169,64,normal
149,40,thin
131,92,fat
191,40,thin
174,47,thin
131,57,fat
165,97,fat
152,52,normal
192,82,normal
134,48,fat
188,81,normal
170,85,fat
158,88,fat
170,49,thin
158,72,fat
190,52,thin
180,73,normal
148,43,normal
159,43,thin
154,53,normal
183,50,thin
169,49,thin
142,69,fat
185,96,fat
200,53,thin
161,76,fat
183,60,thin
185,57,thin
153,66,fat
163,74,fat
167,93,fat
162,98,fat
146,69,fat
148,60,fat
196,64,thin
155,76,fat
131,36,normal
194,50,thin
188,93,fat
152,82,fat
190,50,thin
169,52,thin
194,89,normal
181,88,fat
192,82,normal
171,81,fat
189,74,normal
174,36,thin
189,57,thin
165,92,fat
133,79,fat
198,100,fat
146,88,fat
199,81,normal
150,53,normal
170,46,thin
194,90,normal
158,52,normal
168,70,normal
195,87,normal
130,46,fat
158,89,fat
193,67,thin
143,62,fat
178,96,fat
165,91,fat
175,63,normal
196,48,thin
171,45,thin
150,92,fat
145,90,fat
191,39,thin
195,52,thin
190,98,fat
184,84,normal
158,65,fat
159,94,fat
168,87,fat
163,100,fat
145,86,fat
179,78,normal
134,61,fat
140,36,thin
163,46,thin
151,100,fat
159,100,fat
143,40,normal
191,64,thin
200,70,thin
200,37,thin
164,35,thin
184,81,normal
154,100,fat
131,78,fat
195,75,normal
135,38,normal
174,88,fat
188,98,fat
132,93,fat
185,67,normal
179,54,thin
133,91,fat
199,82,normal
180,99,fat
182,51,thin
176,78,fat
195,51,thin
131,82,fat
157,42,thin
163,73,fat
158,48,normal
165,55,normal
131,76,fat
136,43,normal
147,67,fat
178,37,thin
139,87,fat
176,67,normal
142,100,fat
158,67,fat
197,94,normal
195,44,thin
194,89,normal
176,56,thin
171,84,fat
136,98,fat
134,90,fat
198,72,thin
144,36,thin
175,47,thin
175,74,normal
163,41,thin
167,64,normal
173,73,normal
183,46,thin
181,70,normal
174,47,thin
162,45,thin
197,98,fat
143,45,normal
130,78,fat
189,39,thin
138,99,fat
187,35,thin
200,75,normal
154,77,fat
138,51,fat
190,55,thin
187,78,normal
190,83,normal
172,57,normal
185,38,thin
151,49,normal
159,44,thin
176,83,fat
136,46,normal
169,93,fat
186,64,thin
144,68,fat
188,81,normal
163,86,fat
136,58,fat
167,47,thin
155,67,fat
195,74,normal
148,59,fat
175,63,normal
161,81,fat
136,88,fat
197,48,thin
134,49,fat
149,98,fat
195,96,fat
162,76,fat
192,99,fat
162,64,normal
196,68,thin
160,48,normal
139,62,fat
197,58,thin
199,76,normal
174,78,fat
184,35,thin
179,51,thin
134,98,fat
176,60,normal
187,69,normal
180,52,thin
147,96,fat
188,58,thin
152,75,fat
169,48,thin
144,48,normal
199,72,thin
191,49,thin
174,48,thin
195,37,thin
153,77,fat
174,72,normal
166,61,normal
155,55,normal
185,74,normal
144,53,fat
183,58,thin
195,57,thin
195,84,normal
188,85,normal
146,96,fat
148,36,thin
170,38,thin
200,52,thin
136,82,fat
156,73,fat
181,91,fat
151,68,fat
168,100,fat
139,72,fat
143,35,thin
168,55,normal
142,73,fat
199,100,fat
144,98,fat
179,74,normal
148,69,fat
139,99,fat
169,70,normal
195,58,thin
187,57,thin
131,77,fat
142,65,fat
154,98,fat
147,81,fat
149,41,thin
191,67,thin
145,63,fat
179,55,thin
145,41,normal
198,55,thin
161,98,fat
146,41,normal
141,94,fat
155,93,fat
199,58,thin
178,49,thin
153,53,normal
174,77,fat
156,37,thin
138,57,fat
175,82,fat
182,67,normal
150,54,normal
133,63,fat
159,91,fat
149,70,fat
141,79,fat
136,36,normal
171,99,fat
193,43,thin
198,83,normal
146,46,normal
163,68,fat
174,94,fat
144,74,fat
151,49,normal
167,74,fat
186,54,thin
133,70,fat
143,55,fat
197,43,thin
184,94,fat
183,57,thin
134,35,normal
156,62,fat
163,86,fat
166,83,fat
163,41,thin
152,37,thin
135,74,fat
191,45,thin
148,51,normal
138,100,fat
172,82,fat
162,77,fat
165,85,fat
179,49,thin
166,62,normal
184,72,normal
173,65,normal
177,96,fat
149,85,fat
136,57,fat
139,51,fat
147,44,normal
196,36,thin
134,35,normal
182,80,normal
138,79,fat
147,61,fat
169,71,normal
149,46,normal
172,48,thin
168,58,normal
162,60,normal
151,39,thin
186,84,normal
190,61,thin
181,95,fat
166,36,thin
176,53,thin
168,54,normal
135,66,fat
172,44,thin
135,60,fat
197,79,normal
171,97,fat
153,66,fat
165,63,normal
184,67,normal
168,59,normal
164,100,fat
165,90,fat
162,78,fat
162,55,normal
197,41,thin
189,78,normal
154,70,fat
180,60,normal
162,41,thin
183,81,normal
184,67,normal
197,59,thin
184,63,normal
178,100,fat
170,97,fat
134,65,fat
183,48,thin
195,43,thin
193,45,thin
150,61,fat
133,74,fat
163,77,fat
141,36,thin
156,65,fat
137,97,fat
142,76,fat
173,99,fat
176,69,normal
187,54,thin
172,51,thin
158,86,fat
138,43,normal
188,82,normal
177,63,normal
151,64,fat
181,38,thin
161,80,fat
155,87,fat
187,83,normal
144,52,fat
176,63,normal
149,59,fat
180,58,thin
153,82,fat
160,49,normal
148,97,fat
162,95,fat
142,42,normal
176,50,thin
154,71,fat
136,60,fat
154,61,fat
164,40,thin
134,55,fat
176,82,fat
137,43,normal
190,91,fat
200,68,thin
191,69,normal
200,47,thin
132,88,fat
150,87,fat
171,90,fat
138,90,fat
185,93,fat
180,39,thin
166,64,normal
198,67,thin
142,48,normal
198,58,thin
132,48,fat
142,53,fat
199,65,thin
180,82,fat
142,65,fat
163,86,fat
141,49,normal
137,99,fat
174,65,normal
192,86,normal
131,55,fat
140,54,fat
185,62,thin
149,98,fat
182,55,thin
148,90,fat
139,60,fat
130,62,fat
132,67,fat
148,46,normal
169,85,fat
155,53,normal
191,98,fat
178,96,fat
152,88,fat
150,66,fat
145,47,normal
159,77,fat
138,74,fat
162,89,fat
139,48,normal
187,68,normal
194,40,thin
145,77,fat
148,99,fat
153,86,fat
171,99,fat
166,97,fat
172,46,thin
143,72,fat
175,37,thin
171,94,fat
145,78,fat
161,91,fat
158,99,fat
137,52,fat
166,61,normal
171,97,fat
139,74,fat
178,48,thin
151,86,fat
183,47,thin
139,61,fat
165,75,fat
166,95,fat
191,77,normal
183,56,thin
159,66,fat
173,69,normal
133,81,fat
184,55,thin
157,48,normal
151,48,normal
156,67,fat
195,68,thin
159,35,thin
148,71,fat
187,99,fat
199,46,thin
189,84,normal
157,100,fat
135,71,fat
134,64,fat
143,83,fat
152,97,fat
131,93,fat
166,74,fat
184,90,fat
175,37,thin
131,99,fat
132,51,fat
134,71,fat
151,86,fat
158,48,normal
136,42,normal
192,95,fat
162,48,thin
190,48,thin
144,52,fat
156,96,fat
162,81,fat
176,84,fat
174,64,normal
192,98,fat
148,87,fat
165,52,normal
178,70,normal
138,55,fat
135,46,fat
130,98,fat
140,60,fat
152,98,fat
191,36,thin
167,60,normal
172,46,thin
133,74,fat
130,54,fat
165,45,thin
200,62,thin
131,47,fat
165,46,thin
138,73,fat
173,48,thin
133,77,fat
154,56,normal
136,51,fat
138,60,fat
160,38,thin
151,76,fat
176,39,thin
156,69,fat
167,64,normal
154,89,fat
136,68,fat
190,85,normal
146,59,fat
194,100,fat
187,82,normal
192,44,thin
141,60,fat
145,50,normal
141,57,fat
164,56,normal
135,69,fat
162,43,thin
184,68,normal
152,84,fat
198,61,thin
149,68,fat
139,73,fat
162,61,normal
151,43,normal
198,75,normal
187,65,normal
137,49,fat
182,86,fat
146,97,fat
180,46,thin
133,76,fat
172,88,fat
134,77,fat
162,88,fat
143,83,fat
195,69,thin
161,49,normal
163,35,thin
161,74,fat
180,52,thin
158,83,fat
179,57,thin
172,66,normal
194,72,normal
194,88,normal
173,43,thin
172,85,fat
167,72,fat
149,47,normal
198,100,fat
195,64,thin
145,43,normal
175,62,normal
199,36,thin
146,67,fat
165,92,fat
133,91,fat
175,52,thin
196,43,thin
155,73,fat
173,99,fat
164,62,normal
183,82,normal
197,60,thin
153,50,normal
141,85,fat
180,44,thin
166,94,fat
171,41,thin
193,76,normal
182,75,normal
152,82,fat
141,47,normal
175,74,normal
194,60,thin
148,42,normal
177,80,fat
177,37,thin
165,86,fat
166,71,fat
167,82,fat
144,72,fat
188,43,thin
166,99,fat
150,100,fat
144,41,normal
166,78,fat
190,88,normal
160,53,normal
166,75,fat
152,64,fat
172,56,normal
162,67,fat
196,65,thin
157,71,fat
190,92,fat
159,48,normal
161,39,thin
162,44,thin
164,78,fat
182,72,normal
140,51,fat
152,79,fat
133,70,fat
152,60,fat
150,81,fat
156,86,fat
179,35,thin
144,87,fat
138,59,fat
175,80,fat
175,78,fat
169,55,normal
196,40,thin
166,70,fat
159,94,fat
132,36,normal
183,72,normal
199,59,thin
153,82,fat
167,48,thin
196,49,thin
173,67,normal
183,73,normal
143,91,fat
136,95,fat
143,92,fat
144,68,fat
165,59,normal
158,48,normal
196,38,thin
157,77,fat
141,52,fat
187,40,thin
148,88,fat
181,53,thin
174,96,fat
135,68,fat
143,72,fat
162,92,fat
137,43,normal
178,69,normal
196,52,thin
134,70,fat
151,63,fat
161,61,normal
157,72,fat
187,84,normal
169,92,fat
156,45,thin
193,60,thin
148,53,normal
137,49,fat
180,75,normal
149,37,thin
171,38,thin
157,50,normal
192,77,normal
145,57,fat
147,60,fat
157,65,fat
184,72,normal
189,87,normal
171,93,fat
159,58,normal
177,90,fat
160,65,fat
187,73,normal
194,46,thin
157,46,normal
158,71,fat
134,60,fat
168,45,thin
139,68,fat
173,95,fat
170,37,thin
175,98,fat
198,66,thin
161,77,fat
174,93,fat
184,84,normal
172,86,fat
150,87,fat
159,72,fat
174,55,thin
150,38,thin
171,78,fat
159,42,thin
166,90,fat
197,49,thin
160,43,thin
151,60,fat
187,42,thin
149,62,fat
164,89,fat
174,77,fat
145,76,fat
155,76,fat
130,66,fat
184,95,fat
171,35,thin
168,64,normal
172,73,normal
133,43,normal
187,45,thin
144,78,fat
144,70,fat
184,54,thin
178,61,normal
166,61,normal
136,92,fat
130,55,fat
189,60,thin
137,91,fat
136,75,fat
148,87,fat
182,42,thin
184,87,fat
161,93,fat
197,92,normal
168,51,thin
157,50,normal
148,62,fat
174,52,thin
192,44,thin
150,86,fat
192,69,normal
137,83,fat
192,61,thin
172,90,fat
181,62,normal
164,89,fat
173,38,thin
162,87,fat
164,92,fat
193,60,thin
195,57,thin
188,35,thin
137,38,normal
196,84,normal
138,89,fat
169,56,normal
154,94,fat
181,86,fat
181,58,thin
167,70,fat
197,86,normal
161,56,normal
198,42,thin
156,48,normal
151,92,fat
182,48,thin
157,85,fat
143,48,normal
161,47,thin
140,98,fat
171,91,fat
132,39,normal
192,52,thin
163,94,fat
167,41,thin
187,71,normal
185,44,thin
136,81,fat
150,80,fat
167,97,fat
144,84,fat
185,45,thin
141,44,normal
147,36,thin
152,75,fat
166,76,fat
185,57,thin
188,64,thin
159,46,thin
161,94,fat
180,54,thin
138,79,fat
153,78,fat
196,83,normal
195,71,normal
172,91,fat
183,74,normal
138,62,fat
138,87,fat
194,40,thin
131,76,fat
151,97,fat
150,83,fat
133,77,fat
178,68,normal
150,48,normal
147,49,normal
173,93,fat
160,57,normal
192,100,fat
151,45,normal
148,76,fat
162,85,fat
162,35,thin
144,73,fat
132,40,normal
193,87,normal
196,48,thin
190,90,normal
169,98,fat
156,70,fat
162,95,fat
143,75,fat
182,44,thin
181,56,thin
167,84,fat
181,77,normal
172,35,thin
196,47,thin
156,57,normal
170,72,normal
200,97,normal
130,60,fat
132,40,normal
141,83,fat
153,96,fat
193,82,normal
188,97,fat
145,45,normal
181,44,thin
165,77,fat
191,49,thin
178,80,fat
173,36,thin
132,43,normal
145,93,fat
147,69,fat
191,97,fat
191,73,normal
169,75,fat
192,80,normal
159,43,thin
186,63,thin
179,88,fat
200,67,thin
183,70,normal
171,81,fat
161,77,fat
177,75,normal
144,88,fat
189,99,fat
137,67,fat
173,80,fat
138,94,fat
137,49,fat
176,39,thin
187,38,thin
142,87,fat
149,67,fat
160,85,fat
160,49,normal
134,92,fat
142,56,fat
152,76,fat
169,36,thin
151,78,fat
188,91,fat
185,36,thin
169,73,fat
185,36,thin
155,37,thin
189,69,normal
138,85,fat
176,39,thin
167,62,normal
193,36,thin
140,62,fat
190,75,normal
135,92,fat
131,71,fat
182,71,normal
143,48,normal
163,51,normal
162,55,normal
154,69,fat
190,87,normal
199,38,thin
140,41,normal
133,46,fat
139,79,fat
197,36,thin
184,65,normal
184,47,thin
169,55,normal
131,53,fat
169,48,thin
132,97,fat
180,38,thin
152,90,fat
161,59,normal
178,38,thin
135,61,fat
187,98,fat
173,79,fat
137,41,normal
187,49,thin
198,40,thin
194,36,thin
155,89,fat
179,86,fat
180,83,fat
169,60,normal
161,35,thin
135,45,normal
160,45,thin
195,66,thin
158,67,fat
177,90,fat
192,66,thin
150,36,thin
147,37,thin
165,67,normal
145,50,normal
131,100,fat
186,73,normal
199,72,thin
176,81,fat
137,74,fat
198,41,thin
164,96,fat
157,82,fat
196,63,thin
200,88,normal
183,38,thin
131,97,fat
135,59,fat
142,43,normal
160,65,fat
167,73,fat
188,47,thin
166,45,thin
143,36,thin
133,42,normal
169,59,normal
168,45,thin
140,82,fat
181,83,fat
151,83,fat
168,68,normal
192,42,thin
198,43,thin
191,45,thin
185,77,normal
194,86,normal
187,79,normal
130,78,fat
163,83,fat
134,42,normal
173,61,normal
184,54,thin
163,60,normal
174,78,fat
156,72,fat
169,99,fat
130,90,fat
172,85,fat
188,97,fat
141,59,fat
174,64,normal
183,53,thin
148,100,fat
157,68,fat
190,53,thin
141,60,fat
183,98,fat
177,60,normal
176,94,fat
178,83,fat
190,46,thin
166,35,thin
133,72,fat
161,41,thin
148,57,fat
186,58,thin
144,77,fat
192,69,normal
177,43,thin
150,54,normal
156,100,fat
163,81,fat
152,90,fat
133,63,fat
149,60,fat
200,95,normal
146,68,fat
176,54,thin
130,60,fat
161,61,normal
172,50,thin
152,86,fat
164,78,fat
182,99,fat
152,41,thin
197,49,thin
172,38,thin
142,74,fat
186,58,thin
171,48,thin
171,69,normal
137,89,fat
175,46,thin
163,74,fat
168,77,fat
191,50,thin
164,54,normal
200,61,thin
191,73,normal
151,42,thin
158,85,fat
184,48,thin
155,62,fat
162,48,thin
137,56,fat
136,60,fat
188,53,thin
147,71,fat
193,66,thin
160,72,fat
163,99,fat
167,87,fat
160,90,fat
147,83,fat
164,80,fat
193,82,normal
195,65,thin
186,62,thin
145,66,fat
140,67,fat
147,63,fat
157,56,normal
177,72,normal
160,100,fat
152,94,fat
199,90,normal
147,79,fat
146,64,fat
169,71,normal
143,94,fat
178,58,thin
184,36,thin
189,94,fat
192,84,normal
199,54,thin
176,68,normal
160,45,thin
153,79,fat
164,40,thin
137,95,fat
144,76,fat
165,53,normal
148,38,thin
132,60,fat
175,88,fat
132,58,fat
187,92,fat
190,37,thin
158,66,fat
153,44,normal
182,86,fat
138,100,fat
165,59,normal
161,70,fat
141,91,fat
192,40,thin
135,58,fat
154,56,normal
162,90,fat
175,58,normal
172,68,normal
145,76,fat
133,98,fat
143,48,normal
176,38,thin
141,69,fat
160,92,fat
153,55,normal
170,37,thin
180,94,fat
171,55,normal
169,88,fat
163,61,normal
157,53,normal
169,66,normal
148,78,fat
167,59,normal
167,67,normal
195,95,normal
133,52,fat
147,62,fat
147,59,fat
193,48,thin
193,82,normal
179,96,fat
134,63,fat
194,59,thin
146,77,fat
200,63,thin
151,90,fat
150,64,fat
198,65,thin
178,89,fat
172,48,thin
165,44,thin
153,37,thin
143,35,thin
163,77,fat
179,54,thin
162,70,fat
140,90,fat
132,82,fat
150,76,fat
168,53,normal
140,37,normal
176,64,normal
180,66,normal
190,97,fat
153,78,fat
148,72,fat
199,81,normal
171,59,normal
167,36,thin
166,84,fat
188,81,normal
183,41,thin
142,58,fat
152,36,thin
172,67,normal
171,37,thin
133,86,fat
175,82,fat
136,98,fat
189,86,normal
164,98,fat
143,44,normal
160,59,normal
168,43,thin
191,82,normal
158,69,fat
134,68,fat
185,93,fat
155,95,fat
154,64,fat
146,100,fat
147,35,thin
157,58,normal
156,55,normal
159,67,fat
144,63,fat
136,68,fat
139,82,fat
167,55,normal
193,62,thin
191,85,normal
178,39,thin
172,70,normal
154,79,fat
148,77,fat
134,38,normal
162,49,normal
142,83,fat
150,67,fat
145,97,fat
168,59,normal
142,50,normal
138,99,fat
161,64,normal
137,99,fat
140,61,fat
145,69,fat
142,89,fat
167,55,normal
179,50,thin
161,64,normal
182,53,thin
189,65,thin
192,67,thin
144,63,fat
171,58,normal
161,59,normal
141,72,fat
146,70,fat
145,37,thin
180,98,fat
196,70,thin
165,62,normal
180,65,normal
181,89,fat
200,96,normal
179,39,thin
138,48,fat
159,46,thin
149,59,fat
158,56,normal
192,88,normal
173,63,normal
158,77,fat
143,77,fat
194,35,thin
139,88,fat
165,45,thin
133,98,fat
179,96,fat
178,97,fat
150,88,fat
173,70,normal
189,44,thin
179,63,normal
182,46,thin
154,86,fat
132,70,fat
174,58,normal
162,71,fat
173,85,fat
145,86,fat
136,81,fat
131,53,fat
146,55,fat
198,79,normal
162,74,fat
150,40,thin
165,60,normal
152,64,fat
137,38,normal
196,95,normal
200,38,thin
155,80,fat
177,89,fat
143,53,fat
149,91,fat
196,96,normal
139,45,normal
156,51,normal
191,75,normal
158,98,fat
178,86,fat
149,51,normal
154,66,fat
193,35,thin
142,100,fat
157,51,normal
181,100,fat
166,89,fat
187,67,normal
194,85,normal
161,81,fat
131,86,fat
136,84,fat
191,58,thin
180,35,thin
195,100,fat
165,61,normal
192,42,thin
133,80,fat
178,42,thin
199,55,thin
197,81,normal
191,54,thin
139,95,fat
172,88,fat
195,42,thin
183,43,thin
177,84,fat
179,55,thin
155,87,fat
176,72,normal
142,39,normal
164,87,fat
142,48,normal
170,68,normal
140,83,fat
153,91,fat
149,99,fat
196,47,thin
186,57,thin
193,78,normal
183,64,normal
199,84,normal
137,81,fat
198,89,normal
187,84,normal
185,58,thin
195,54,thin
167,35,thin
188,72,normal
170,63,normal
192,51,thin
194,38,thin
154,68,fat
199,95,normal
148,37,thin
200,43,thin
191,62,thin
200,37,thin
181,50,thin
154,71,fat
172,82,fat
197,70,thin
134,73,fat
177,70,normal
154,53,normal
154,96,fat
179,74,normal
133,54,fat
195,43,thin
169,87,fat
188,78,normal
135,41,normal
170,70,normal
181,90,fat
162,79,fat
170,43,thin
136,73,fat
198,99,fat
150,75,fat
137,98,fat
175,50,thin
148,75,fat
132,80,fat
130,96,fat
193,67,thin
131,85,fat
180,57,thin
169,73,fat
131,53,fat
130,62,fat
152,74,fat
185,86,fat
131,56,fat
192,41,thin
175,72,normal
137,56,fat
161,96,fat
167,62,normal
153,93,fat
137,51,fat
178,51,thin
199,47,thin
146,47,normal
186,75,normal
190,46,thin
152,59,fat
132,43,normal
154,96,fat
154,100,fat
182,85,fat
186,80,normal
134,43,normal
197,44,thin
148,50,normal
165,36,thin
138,98,fat
158,85,fat
185,45,thin
142,59,fat
139,87,fat
133,92,fat
195,75,normal
159,79,fat
135,40,normal
193,46,thin
161,42,thin
139,79,fat
169,61,normal
183,96,fat
196,100,fat
196,91,normal
139,69,fat
183,36,thin
141,41,normal
194,78,normal
192,50,thin
187,50,thin
192,48,thin
158,90,fat
195,90,normal
149,86,fat
178,54,thin
138,36,normal
164,79,fat
167,59,normal
196,75,normal
139,50,fat
165,92,fat
175,77,fat
187,84,normal
185,41,thin
149,50,normal
187,56,thin
151,58,fat
176,100,fat
153,39,thin
150,64,fat
185,55,thin
143,85,fat
167,94,fat
161,88,fat
189,56,thin
181,35,thin
160,77,fat
199,76,normal
144,84,fat
139,70,fat
200,71,thin
161,59,normal
187,85,normal
161,96,fat
200,65,thin
187,70,normal
171,39,thin
131,37,normal
180,77,normal
148,75,fat
188,91,fat
186,37,thin
141,78,fat
199,100,fat
197,44,thin
188,86,normal
189,70,normal
167,35,thin
168,55,normal
191,89,normal
158,53,normal
133,76,fat
156,61,fat
153,79,fat
169,89,fat
187,56,thin
139,66,fat
180,41,thin
149,55,normal
146,58,fat
151,98,fat
169,80,fat
163,45,thin
180,95,fat
194,50,thin
161,40,thin
148,64,fat
132,96,fat
139,76,fat
171,92,fat
185,90,fat
155,91,fat
189,42,thin
148,55,fat
137,54,fat
183,36,thin
144,51,normal
147,45,normal
177,41,thin
157,62,fat
139,40,normal
159,48,normal
162,67,fat
172,40,thin
198,84,normal
163,38,thin
141,70,fat
188,94,fat
186,39,thin
197,80,normal
179,46,thin
163,98,fat
191,37,thin
176,77,normal
156,79,fat
177,61,normal
153,99,fat
148,91,fat
155,57,normal
193,100,fat
144,83,fat
154,61,fat
144,82,fat
168,81,fat
136,58,fat
149,48,normal
191,45,thin
134,90,fat
137,44,normal
170,66,normal
162,85,fat
150,97,fat
130,83,fat
172,52,thin
137,60,fat
133,54,fat
174,92,fat
161,58,normal
159,97,fat
178,61,normal
183,84,fat
169,38,thin
164,100,fat
168,69,normal
140,51,fat
196,46,thin
183,90,fat
150,97,fat
173,95,fat
157,56,normal
197,95,normal
149,54,normal
196,73,normal
167,74,fat
180,92,fat
191,65,thin
190,75,normal
198,69,thin
138,36,normal
155,85,fat
200,100,fat
152,95,fat
146,47,normal
153,44,normal
200,36,thin
195,57,thin
175,65,normal
181,57,thin
157,47,normal
131,61,fat
167,93,fat
151,70,fat
155,84,fat
199,40,thin
173,88,fat
177,85,fat
146,84,fat
170,36,thin
134,94,fat
170,93,fat
163,49,thin
177,63,normal
152,56,normal
196,92,normal
196,89,normal
198,82,normal
175,65,normal
191,41,thin
130,72,fat
179,72,normal
171,54,thin
185,42,thin
157,81,fat
170,75,fat
132,54,fat
191,93,fat
164,36,thin
163,63,normal
189,58,thin
150,40,thin
181,75,normal
180,77,normal
154,43,thin
160,89,fat
152,52,normal
193,62,thin
181,88,fat
197,71,thin
160,51,normal
139,35,thin
162,94,fat
198,35,thin
131,52,fat
152,90,fat
142,86,fat
148,38,thin
143,61,fat
162,81,fat
150,42,normal
150,45,normal
144,35,thin
188,60,thin
134,89,fat
142,92,fat
184,78,normal
168,45,thin
200,60,thin
177,91,fat
175,51,thin
177,93,fat
138,72,fat
164,56,normal
163,69,fat
184,58,thin
197,52,thin
185,65,normal
163,75,fat
187,47,thin
187,66,normal
171,87,fat
173,60,normal
195,97,fat
179,41,thin
162,92,fat
143,40,normal
156,60,normal
144,35,thin
135,60,fat
193,94,fat
184,43,thin
187,89,fat
131,89,fat
170,56,normal
156,89,fat
132,63,fat
197,81,normal
188,69,normal
137,64,fat
164,74,fat
140,45,normal
168,46,thin
171,97,fat
174,48,thin
200,85,normal
158,78,fat
140,36,thin
194,38,thin
177,73,normal
175,44,thin
181,56,thin
143,73,fat
185,56,thin
175,50,thin
175,85,fat
165,44,thin
195,59,thin
140,60,fat
190,100,fat
175,57,normal
192,75,normal
181,46,thin
144,61,fat
164,75,fat
130,100,fat
131,60,fat
166,91,fat
196,79,normal
156,74,fat
160,68,fat
133,41,normal
177,68,normal
136,87,fat
173,70,normal
161,87,fat
186,78,normal
144,47,normal
155,81,fat
151,89,fat
154,88,fat
133,36,normal
192,48,thin
188,63,thin
192,59,thin
178,74,normal
179,59,thin
146,56,fat
195,42,thin
167,56,normal
199,69,thin
200,69,thin
145,89,fat
194,49,thin
151,36,thin
194,44,thin
168,35,thin
173,56,normal
135,74,fat
156,49,normal
199,95,normal
160,77,fat
159,48,normal
172,53,thin
172,37,thin
181,79,normal
187,91,fat
149,60,fat
137,81,fat
153,85,fat
171,66,normal
161,66,fat
175,53,thin
156,94,fat
186,78,normal
148,84,fat
135,92,fat
183,73,normal
166,46,thin
185,75,normal
131,93,fat
183,37,thin
159,95,fat
130,39,normal
174,58,normal
146,78,fat
159,62,normal
146,73,fat
182,81,normal
166,61,normal
151,62,fat
197,44,thin
190,91,fat
171,72,normal
147,57,fat
184,98,fat
180,77,normal
145,99,fat
133,90,fat
171,49,thin
174,78,fat
142,87,fat
132,74,fat
131,58,fat
130,39,normal
145,74,fat
179,88,fat
171,67,normal
187,39,thin
148,67,fat
142,48,normal
144,97,fat
170,57,normal
147,63,fat
135,74,fat
135,84,fat
199,37,thin
134,71,fat
183,96,fat
182,49,thin
182,85,fat
155,54,normal
163,43,thin
186,87,fat
187,61,thin
169,74,fat
158,100,fat
195,100,fat
176,81,fat
200,74,normal
138,63,fat
150,94,fat
160,87,fat
173,64,normal
137,78,fat
137,83,fat
199,54,thin
146,70,fat
147,60,fat
161,36,thin
145,91,fat
176,77,normal
197,62,thin
130,85,fat
158,61,normal
150,72,fat
156,92,fat
139,46,normal
184,39,thin
198,49,thin
180,70,normal
177,41,thin
193,100,fat
147,49,normal
193,47,thin
138,41,normal
169,71,normal
135,79,fat
148,43,normal
171,58,normal
174,58,normal
188,86,normal
145,94,fat
144,51,normal
147,75,fat
162,65,normal
151,92,fat
169,99,fat
147,52,normal
193,61,thin
177,40,thin
191,35,thin
156,50,normal
148,63,fat
167,65,normal
192,88,normal
139,55,fat
191,79,normal
130,95,fat
150,96,fat
142,65,fat
187,80,normal
146,75,fat
150,93,fat
136,78,fat
164,65,normal
178,78,normal
133,100,fat
185,80,normal
158,35,thin
188,93,fat
154,80,fat
133,72,fat
149,39,thin
195,44,thin
193,52,thin
165,44,thin
147,73,fat
143,81,fat
200,76,normal
175,91,fat
151,56,normal
195,50,thin
143,43,normal
154,63,fat
162,77,fat
174,44,thin
179,50,thin
173,86,fat
170,55,normal
196,56,thin
167,66,normal
157,60,normal
150,43,normal
161,69,fat
199,65,thin
164,93,fat
133,57,fat
171,55,normal
153,57,normal
175,90,fat
195,99,fat
138,53,fat
136,99,fat
186,45,thin
187,40,thin
146,56,fat
163,97,fat
157,86,fat
153,52,normal
176,98,fat
189,67,normal
163,75,fat
169,58,normal
159,91,fat
172,54,thin
142,100,fat
166,60,normal
162,63,normal
184,59,thin
198,98,normal
177,93,fat
167,96,fat
182,93,fat
196,91,normal
191,53,thin
179,71,normal
195,69,thin
175,47,thin
192,74,normal
148,43,normal
165,59,normal
189,100,fat
156,48,normal
199,60,thin
144,93,fat
193,61,thin
169,80,fat
198,71,thin
170,54,normal
188,57,thin
199,46,thin
147,45,normal
166,79,fat
138,84,fat
165,73,fat
143,95,fat
137,67,fat
143,97,fat
171,42,thin
175,85,fat
146,85,fat
140,85,fat
167,60,normal
189,75,normal
159,62,normal
178,82,fat
198,40,thin
182,65,normal
174,75,normal
164,53,normal
153,95,fat
186,99,fat
191,86,normal
194,95,fat
167,98,fat
155,57,normal
137,59,fat
137,89,fat
181,77,normal
195,85,normal
171,69,normal
159,42,thin
194,93,normal
151,80,fat
163,36,thin
166,58,normal
170,52,thin
134,91,fat
195,62,thin
132,74,fat
188,36,thin
180,51,thin
192,90,normal
165,53,normal
180,67,normal
161,91,fat
189,62,thin
137,93,fat
136,73,fat
148,54,normal
164,90,fat
155,61,fat
142,69,fat
165,40,thin
135,79,fat
176,72,normal
185,35,thin
165,52,normal
196,76,normal
166,78,fat
195,80,normal
199,90,normal
169,62,normal
178,89,fat
183,49,thin
134,50,fat
140,75,fat
185,86,fat
170,61,normal
167,69,normal
138,94,fat
177,90,fat
165,44,thin
141,99,fat
197,84,normal
136,98,fat
165,90,fat
131,36,normal
152,60,fat
194,96,fat
142,79,fat
170,40,thin
170,83,fat
143,51,normal
186,61,thin
134,53,fat
175,83,fat
159,38,thin
190,67,normal
184,65,normal
178,100,fat
174,85,fat
179,88,fat
180,83,fat
195,89,normal
151,76,fat
182,43,thin
196,43,thin
171,41,thin
173,77,fat
182,61,thin
189,69,normal
170,70,normal
152,82,fat
158,79,fat
172,40,thin
168,77,fat
169,41,thin
155,53,normal
160,53,normal
194,46,thin
193,53,thin
178,85,fat
159,95,fat
183,71,normal
162,65,normal
182,74,normal
145,46,normal
147,88,fat
151,53,normal
142,64,fat
171,49,thin
184,70,normal
165,97,fat
190,98,fat
158,88,fat
154,87,fat
176,93,fat
165,65,normal
174,57,normal
144,42,normal
163,45,thin
147,38,thin
146,54,fat
165,59,normal
176,57,thin
175,48,thin
179,76,normal
174,97,fat
138,93,fat
199,49,thin
186,46,thin
194,81,normal
183,41,thin
138,96,fat
178,97,fat
138,97,fat
134,42,normal
174,64,normal
147,85,fat
186,62,thin
175,63,normal
189,41,thin
184,53,thin
172,64,normal
135,61,fat
171,42,thin
189,67,normal
180,74,normal
193,83,normal
149,80,fat
165,87,fat
187,37,thin
173,74,normal
131,49,fat
152,96,fat
157,95,fat
175,92,fat
158,74,fat
167,81,fat
192,66,thin
183,54,thin
138,49,fat
146,99,fat
190,36,thin
188,48,thin
146,66,fat
135,70,fat
136,73,fat
194,81,normal
199,79,normal
163,90,fat
158,39,thin
182,93,fat
154,44,normal
154,77,fat
136,94,fat
194,37,thin
194,81,normal
175,70,normal
172,72,normal
179,41,thin
177,69,normal
158,93,fat
182,82,normal
170,51,thin
133,75,fat
150,99,fat
131,56,fat
178,50,thin
178,77,normal
138,67,fat
179,78,normal
152,74,fat
191,45,thin
167,86,fat
155,57,normal
185,38,thin
165,67,normal
150,61,fat
130,36,normal
186,76,normal
176,81,fat
193,45,thin
163,71,fat
161,84,fat
164,35,thin
193,41,thin
153,65,fat
197,48,thin
150,41,thin
172,73,normal
198,80,normal
172,70,normal
157,37,thin
196,74,normal
182,90,fat
152,62,fat
192,71,normal
190,41,thin
136,79,fat
160,43,thin
199,65,thin
144,54,fat
199,59,thin
166,56,normal
131,90,fat
184,63,normal
192,88,normal
174,86,fat
130,98,fat
189,92,fat
189,73,normal
161,43,thin
182,35,thin
132,76,fat
178,84,fat
180,38,thin
195,61,thin
162,61,normal
197,50,thin
130,83,fat
140,73,fat
200,59,thin
157,69,fat
156,42,thin
151,44,normal
149,66,fat
139,54,fat
200,57,thin
179,45,thin
130,74,fat
159,85,fat
198,84,normal
163,82,fat
149,69,fat
169,69,normal
165,80,fat
197,62,thin
133,90,fat
175,46,thin
157,44,thin
189,44,thin
189,86,normal
149,71,fat
130,90,fat
155,43,thin
183,61,thin
159,55,normal
141,69,fat
145,67,fat
177,78,normal
152,47,normal
142,99,fat
136,78,fat
156,58,normal
158,60,normal
190,36,thin
175,93,fat
200,63,thin
141,56,fat
196,56,thin
130,66,fat
136,37,normal
135,80,fat
165,62,normal
150,45,normal
147,72,fat
162,92,fat
181,63,normal
144,42,normal
157,67,fat
145,45,normal
193,48,thin
181,69,normal
165,67,normal
193,59,thin
170,40,thin
197,65,thin
168,45,thin
158,83,fat
193,48,thin
137,64,fat
140,91,fat
152,92,fat
192,40,thin
185,57,thin
132,69,fat
148,100,fat
135,42,normal
141,89,fat
194,56,thin
146,38,thin
197,40,thin
152,70,fat
140,63,fat
171,100,fat
195,74,normal
148,94,fat
169,35,thin
192,88,normal
163,59,normal
138,88,fat
184,45,thin
143,65,fat
167,37,thin
144,37,thin
143,90,fat
147,69,fat
189,99,fat
173,54,thin
181,77,normal
163,50,normal
164,42,thin
166,72,fat
188,58,thin
170,97,fat
189,78,normal
190,39,thin
147,96,fat
180,48,thin
184,77,normal
173,98,fat
200,100,fat
134,55,fat
164,83,fat
155,98,fat
185,88,fat
185,42,thin
153,82,fat
131,46,fat
176,65,normal
197,65,thin
168,97,fat
169,86,fat
178,48,thin
166,66,normal
181,35,thin
199,85,normal
190,50,thin
144,39,normal
168,35,thin
135,82,fat
182,52,thin
146,45,normal
150,98,fat
169,59,normal
153,73,fat
189,66,thin
172,79,fat
130,64,fat
135,81,fat
166,39,thin
161,57,normal
190,56,thin
141,69,fat
175,69,normal
135,92,fat
130,81,fat
194,46,thin
151,96,fat
191,70,normal
146,86,fat
136,61,fat
168,90,fat
159,100,fat
170,85,fat
165,71,fat
145,64,fat
162,38,thin
192,71,normal
141,82,fat
134,42,normal
169,65,normal
140,39,normal
171,94,fat
154,92,fat
159,74,fat
179,60,normal
160,72,fat
167,50,thin
130,43,fat
197,69,thin
176,37,thin
156,89,fat
154,38,thin
180,66,normal
133,67,fat
180,100,fat
150,57,fat
189,54,thin
175,57,normal
198,84,normal
164,36,thin
160,41,thin
141,88,fat
157,44,thin
183,76,normal
159,42,thin
174,76,fat
185,54,thin
189,97,fat
161,80,fat
171,98,fat
143,64,fat
172,45,thin
164,45,thin
176,95,fat
170,68,normal
148,82,fat
195,58,thin
163,53,normal
140,60,fat
170,41,thin
138,70,fat
195,43,thin
168,51,thin
157,51,normal
141,59,fat
187,53,thin
162,56,normal
157,35,thin
160,44,thin
186,54,thin
188,51,thin
185,96,fat
150,68,fat
156,83,fat
181,79,normal
178,38,thin
185,68,normal
200,97,normal
142,80,fat
154,62,fat
153,68,fat
189,92,fat
132,74,fat
135,96,fat
190,85,normal
170,87,fat
130,97,fat
192,55,thin
155,44,thin
167,83,fat
160,36,thin
159,41,thin
148,62,fat
139,73,fat
159,42,thin
161,82,fat
189,87,normal
157,35,thin
189,67,normal
148,56,fat
166,51,normal
190,95,fat
182,81,normal
159,90,fat
145,49,normal
142,35,thin
157,40,thin
194,76,normal
135,51,fat
173,51,thin
150,43,normal
163,69,fat
134,48,fat
164,38,thin
148,42,normal
153,92,fat
173,65,normal
146,92,fat
152,40,thin
131,57,fat
138,93,fat
192,94,fat
141,63,fat
164,82,fat
158,57,normal
167,88,fat
193,97,fat
156,86,fat
170,77,fat
149,97,fat
144,94,fat
146,68,fat
199,74,normal
194,67,thin
197,86,normal
192,68,thin
167,90,fat
188,80,normal
195,93,normal
185,81,normal
185,99,fat
131,91,fat
143,75,fat
158,36,thin
172,96,fat
185,84,normal
200,96,normal
169,73,fat
143,56,fat
147,60,fat
174,66,normal
166,57,normal
193,67,thin
167,44,thin
162,94,fat
172,84,fat
162,98,fat
156,70,fat
137,71,fat
154,77,fat
197,81,normal
159,62,normal
138,89,fat
194,72,normal
191,80,normal
157,56,normal
132,39,normal
180,68,normal
189,63,thin
155,69,fat
159,36,thin
197,87,normal
188,60,thin
165,60,normal
177,78,normal
195,46,thin
153,96,fat
140,97,fat
149,79,fat
146,78,fat
157,37,thin
194,64,thin
144,84,fat
153,72,fat
157,84,fat
166,35,thin
179,99,fat
171,64,normal
162,86,fat
200,57,thin
198,65,thin
174,52,thin
148,63,fat
185,69,normal
190,68,normal
200,43,thin
130,93,fat
193,99,fat
185,69,normal
180,35,thin
162,35,thin
135,55,fat
193,94,fat
187,80,normal
167,96,fat
170,60,normal
192,40,thin
175,99,fat
159,49,normal
139,40,normal
140,61,fat
175,94,fat
197,72,normal
139,85,fat
170,81,fat
134,76,fat
144,68,fat
144,97,fat
169,73,fat
155,93,fat
130,65,fat
148,85,fat
163,45,thin
163,59,normal
172,54,thin
181,69,normal
151,84,fat
151,43,normal
146,73,fat
132,77,fat
147,40,normal
152,90,fat
150,92,fat
138,65,fat
157,72,fat
139,37,normal
182,53,thin
198,54,thin
151,50,normal
169,67,normal
199,51,thin
175,63,normal
148,63,fat
131,59,fat
183,73,normal
192,94,fat
151,85,fat
198,72,thin
131,78,fat
180,50,thin
190,50,thin
184,57,thin
195,51,thin
139,97,fat
170,38,thin
194,39,thin
139,35,thin
153,94,fat
170,73,fat
170,45,thin
142,79,fat
139,72,fat
135,44,normal
165,46,thin
164,60,normal
179,83,fat
158,95,fat
161,97,fat
166,97,fat
191,45,thin
171,47,thin
192,72,normal
157,35,thin
176,42,thin
163,84,fat
169,49,thin
174,47,thin
160,69,fat
157,82,fat
189,84,normal
152,73,fat
134,47,fat
134,87,fat
193,39,thin
200,42,thin
152,60,fat
149,63,fat
180,56,thin
146,57,fat
192,47,thin
168,85,fat
148,92,fat
200,92,normal
165,47,thin
196,100,fat
130,40,normal
181,100,fat
183,87,fat
134,37,normal
170,53,thin
200,62,thin
150,52,normal
169,35,thin
173,79,fat
139,87,fat
189,98,fat
142,92,fat
142,84,fat
160,51,normal
161,44,thin
168,40,thin
158,71,fat
195,35,thin
193,48,thin
135,70,fat
151,87,fat
142,80,fat
171,36,thin
163,35,thin
188,91,fat
178,94,fat
133,52,fat
150,42,normal
142,93,fat
134,76,fat
179,84,fat
199,56,thin
185,49,thin
162,46,thin
168,90,fat
188,42,thin
146,56,fat
200,44,thin
142,89,fat
179,69,normal
168,93,fat
154,51,normal
197,85,normal
134,37,normal
165,81,fat
199,64,thin
156,50,normal
176,63,normal
140,72,fat
195,49,thin
175,64,normal
175,74,normal
178,82,fat
174,71,normal
171,73,normal
167,85,fat
191,53,thin
149,56,fat
189,88,normal
192,41,thin
135,43,normal
177,80,fat
158,42,thin
150,83,fat
199,62,thin
165,48,thin
179,60,normal
199,60,thin
192,60,thin
137,83,fat
170,51,thin
159,40,thin
164,59,normal
131,59,fat
179,85,fat
197,56,thin
144,66,fat
187,63,thin
171,68,normal
164,70,fat
179,54,thin
135,43,normal
174,79,fat
132,98,fat
165,78,fat
146,41,normal
166,56,normal
153,69,fat
161,95,fat
151,76,fat
198,47,thin
194,55,thin
160,39,thin
155,37,thin
162,83,fat
187,63,thin
181,91,fat
173,91,fat
150,58,fat
168,35,thin
163,79,fat
199,54,thin
148,68,fat
196,67,thin
172,90,fat
148,39,thin
144,60,fat
173,92,fat
199,83,normal
139,36,normal
193,40,thin
151,60,fat
150,63,fat
188,94,fat
192,93,fat
190,99,fat
177,82,fat
166,60,normal
133,78,fat
168,44,thin
192,75,normal
185,61,thin
133,39,normal
191,36,thin
178,67,normal
136,48,fat
142,55,fat
179,48,thin
134,72,fat
172,66,normal
138,78,fat
171,35,thin
180,86,fat
139,95,fat
194,63,thin
170,89,fat
134,59,fat
192,56,thin
132,83,fat
177,65,normal
169,84,fat
164,92,fat
164,83,fat
156,61,fat
185,91,fat
192,79,normal
130,93,fat
182,90,fat
139,59,fat
148,73,fat
135,37,normal
146,96,fat
200,44,thin
196,94,normal
142,64,fat
157,78,fat
173,45,thin
161,63,normal
160,60,normal
148,41,normal
130,44,fat
191,72,normal
174,64,normal
130,43,fat
166,37,thin
168,65,normal
195,56,thin
195,93,normal
175,96,fat
192,40,thin
177,51,thin
149,73,fat
178,99,fat
196,76,normal
168,55,normal
168,77,fat
170,48,thin
151,84,fat
165,44,thin
187,64,thin
178,79,normal
158,45,thin
191,71,normal
159,56,normal
145,79,fat
166,41,thin
145,62,fat
151,40,thin
195,66,thin
168,54,normal
184,89,fat
140,49,fat
155,80,fat
188,80,normal
157,72,fat
145,90,fat
134,40,normal
149,40,thin
188,49,thin
187,72,normal
193,51,thin
151,86,fat
158,67,fat
171,72,normal
193,84,normal
165,98,fat
194,46,thin
168,84,fat
144,36,thin
155,92,fat
142,80,fat
143,49,normal
171,97,fat
153,54,normal
166,49,thin
168,79,fat
138,48,fat
160,71,fat
160,44,thin
167,67,normal
155,38,thin
197,75,normal
177,100,fat
197,98,fat
151,53,normal
190,43,thin
149,82,fat
173,53,thin
183,94,fat
163,40,thin
188,63,thin
200,96,normal
152,40,thin
198,66,thin
158,97,fat
142,39,normal
160,45,thin
144,90,fat
178,60,normal
182,70,normal
135,67,fat
187,81,normal
154,64,fat
191,38,thin
186,80,normal
174,94,fat
152,42,thin
188,83,normal
152,61,fat
150,81,fat
185,79,normal
154,75,fat
137,86,fat
182,78,normal
184,78,normal
175,40,thin
199,54,thin
152,91,fat
157,63,fat
144,97,fat
162,74,fat
146,84,fat
151,90,fat
137,70,fat
170,54,normal
192,79,normal
135,75,fat
188,80,normal
181,43,thin
147,78,fat
159,70,fat
168,82,fat
145,86,fat
151,95,fat
185,76,normal
160,36,thin
180,45,thin
130,36,normal
169,53,normal
179,86,fat
188,51,thin
184,43,thin
188,54,thin
186,83,normal
146,82,fat
170,84,fat
148,37,thin
191,96,fat
188,94,fat
170,92,fat
177,46,thin
198,90,normal
177,84,fat
149,55,normal
132,69,fat
148,92,fat
171,78,fat
143,87,fat
166,78,fat
153,86,fat
178,58,thin
188,56,thin
197,47,thin
138,98,fat
184,70,normal
169,100,fat
173,98,fat
197,37,thin
168,90,fat
145,80,fat
188,100,fat
154,74,fat
150,55,normal
140,73,fat
160,97,fat
180,79,normal
197,76,normal
132,72,fat
132,48,fat
176,72,normal
170,94,fat
172,40,thin
144,67,fat
132,55,fat
143,63,fat
166,51,normal
165,76,fat
166,63,normal
133,75,fat
194,66,thin
132,97,fat
171,93,fat
197,71,thin
139,45,normal
147,44,normal
189,61,thin
134,57,fat
193,62,thin
195,100,fat
142,78,fat
170,71,normal
151,64,fat
133,65,fat
178,63,normal
137,84,fat
196,70,thin
136,98,fat
151,74,fat
146,42,normal
145,39,normal
133,96,fat
141,73,fat
177,43,thin
186,75,normal
170,87,fat
134,97,fat
183,50,thin
136,45,normal
150,51,normal
140,99,fat
139,77,fat
149,69,fat
181,98,fat
138,52,fat
172,69,normal
172,57,normal
134,56,fat
160,36,thin
194,66,thin
200,45,thin
194,77,normal
165,70,fat
147,56,fat
192,76,normal
167,54,normal
155,65,fat
155,73,fat
131,51,fat
175,54,thin
185,44,thin
161,50,normal
145,36,thin
158,63,fat
136,61,fat
149,67,fat
188,90,fat
188,79,normal
137,86,fat
170,68,normal
183,90,fat
186,75,normal
195,70,thin
157,69,fat
136,69,fat
173,53,thin
150,97,fat
194,77,normal
178,37,thin
174,99,fat
171,87,fat
151,52,normal
173,77,fat
174,49,thin
199,88,normal
151,65,fat
197,45,thin
189,75,normal
130,67,fat
195,66,thin
135,70,fat
137,86,fat
133,52,fat
135,94,fat
169,58,normal
191,48,thin
146,54,fat
173,85,fat
174,97,fat
176,47,thin
141,55,fat
140,89,fat
152,51,normal
200,78,normal
186,63,thin
180,61,normal
147,87,fat
146,56,fat
170,83,fat
141,55,fat
190,84,normal
179,49,thin
144,35,thin
158,54,normal
184,37,thin
153,54,normal
193,82,normal
185,89,fat
192,72,normal
176,90,fat
155,73,fat
174,49,thin
193,36,thin
168,55,normal
196,40,thin
143,35,thin
154,51,normal
136,41,normal
181,66,normal
147,37,thin
173,73,normal
171,81,fat
196,65,thin
163,98,fat
131,43,fat
182,89,fat
150,97,fat
184,56,thin
146,97,fat
194,70,normal
160,81,fat
171,45,thin
139,89,fat
137,54,fat
141,78,fat
133,52,fat
160,90,fat
193,58,thin
130,58,fat
150,87,fat
179,82,fat
162,54,normal
192,57,thin
165,59,normal
171,39,thin
180,71,normal
160,55,normal
130,86,fat
161,94,fat
145,37,thin
145,82,fat
158,76,fat
171,75,fat
132,49,fat
154,91,fat
131,71,fat
187,65,normal
157,54,normal
166,51,normal
139,41,normal
175,57,normal
155,100,fat
169,89,fat
160,43,thin
164,52,normal
176,89,fat
180,36,thin
153,79,fat
177,80,fat
151,72,fat
162,36,thin
178,42,thin
186,77,normal
186,83,normal
148,58,fat
199,89,normal
140,53,fat
157,52,normal
155,83,fat
151,82,fat
159,55,normal
149,87,fat
198,80,normal
157,50,normal
143,58,fat
185,100,fat
194,87,normal
177,99,fat
188,55,thin
150,42,normal
142,77,fat
163,56,normal
160,35,thin
175,82,fat
149,40,thin
137,41,normal
180,51,thin
141,36,thin
167,62,normal
167,68,normal
143,81,fat
164,49,thin
187,63,thin
183,95,fat
180,57,thin
193,51,thin
163,84,fat
198,49,thin
163,41,thin
198,59,thin
197,47,thin
190,87,normal
190,81,normal
170,76,fat
182,97,fat
134,64,fat
180,94,fat
185,67,normal
182,80,normal
185,54,thin
181,41,thin
176,39,thin
175,49,thin
197,99,fat
145,99,fat
197,58,thin
170,37,thin
139,100,fat
172,38,thin
147,82,fat
196,100,fat
143,67,fat
193,54,thin
189,99,fat
135,94,fat
150,94,fat
197,73,normal
191,84,normal
183,74,normal
132,55,fat
138,40,normal
157,46,normal
130,67,fat
169,75,fat
163,62,normal
145,100,fat
140,63,fat
139,72,fat
180,39,thin
186,43,thin
161,36,thin
168,55,normal
175,68,normal
135,43,normal
165,76,fat
154,78,fat
143,66,fat
145,37,thin
162,70,fat
133,50,fat
190,81,normal
137,59,fat
179,72,normal
193,71,normal
189,49,thin
155,80,fat
163,69,fat
176,86,fat
177,49,thin
170,100,fat
170,44,thin
146,93,fat
141,96,fat
153,41,thin
167,68,normal
155,72,fat
198,76,normal
161,92,fat
185,56,thin
199,96,normal
192,49,thin
140,42,normal
142,90,fat
197,55,thin
160,58,normal
176,46,thin
136,69,fat
142,99,fat
180,54,thin
191,76,normal
151,72,fat
163,41,thin
181,98,fat
147,56,fat
198,55,thin
157,60,normal
132,86,fat
194,93,normal
170,61,normal
138,45,normal
166,48,thin
179,94,fat
164,75,fat
150,91,fat
143,88,fat
150,73,fat
156,75,fat
197,62,thin
166,91,fat
160,91,fat
185,96,fat
136,45,normal
134,45,fat
199,37,thin
138,82,fat
154,46,normal
163,84,fat
187,37,thin
145,42,normal
167,80,fat
159,98,fat
146,64,fat
151,91,fat
145,56,fat
137,72,fat
198,83,normal
175,65,normal
189,87,normal
181,93,fat
172,79,fat
198,45,thin
136,43,normal
159,99,fat
189,54,thin
177,47,thin
143,45,normal
140,96,fat
134,42,normal
175,47,thin
166,81,fat
146,90,fat
197,80,normal
190,100,fat
135,49,fat
175,38,thin
141,99,fat
174,39,thin
171,51,thin
174,43,thin
171,95,fat
149,71,fat
139,84,fat
186,87,fat
139,55,fat
162,73,fat
140,43,normal
160,58,normal
167,95,fat
147,86,fat
153,53,normal
188,73,normal
172,70,normal
155,69,fat
136,70,fat
181,35,thin
186,90,fat
139,76,fat
163,95,fat
152,66,fat
191,95,fat
169,78,fat
145,75,fat
132,97,fat
138,90,fat
167,84,fat
143,37,thin
153,69,fat
138,76,fat
186,76,normal
194,84,normal
141,41,normal
153,63,fat
168,90,fat
187,84,normal
138,66,fat
145,71,fat
165,93,fat
146,97,fat
155,82,fat
178,64,normal
135,83,fat
155,97,fat
185,95,fat
174,67,normal
186,93,fat
199,47,thin
130,47,fat
163,75,fat
169,66,normal
133,52,fat
188,46,thin
192,97,fat
162,40,thin
179,77,normal
166,73,fat
161,62,normal
168,60,normal
145,84,fat
135,65,fat
157,54,normal
136,55,fat
180,59,thin
134,67,fat
136,43,normal
170,44,thin
196,92,normal
161,66,fat
167,78,fat
186,97,fat
198,39,thin
132,56,fat
183,48,thin
176,79,fat
165,72,fat
130,84,fat
170,96,fat
163,78,fat
157,63,fat
156,94,fat
189,86,normal
171,60,normal
171,36,thin
165,59,normal
153,47,normal
143,47,normal
181,48,thin
141,93,fat
200,99,normal
162,64,normal
191,36,thin
154,70,fat
181,72,normal
176,37,thin
183,64,normal
146,39,thin
187,54,thin
172,72,normal
170,86,fat
135,39,normal
180,46,thin
193,65,thin
156,86,fat
179,81,fat
170,55,normal
132,59,fat
168,69,normal
137,74,fat
156,50,normal
149,47,normal
177,50,thin
175,85,fat
188,82,normal
183,95,fat
150,85,fat
147,94,fat
168,53,normal
156,66,fat
152,56,normal
166,68,normal
175,99,fat
188,40,thin
194,60,thin
150,63,fat
158,87,fat
167,99,fat
144,88,fat
137,56,fat
133,88,fat
137,64,fat
199,56,thin
142,67,fat
159,76,fat
134,83,fat
150,59,fat
152,50,normal
155,97,fat
175,72,normal
131,47,fat
185,97,fat
200,79,normal
142,80,fat
139,43,normal
156,98,fat
190,52,thin
155,74,fat
145,58,fat
146,48,normal
145,39,normal
176,90,fat
185,52,thin
181,71,normal
153,70,fat
150,45,normal
135,69,fat
168,86,fat
155,49,normal
198,47,thin
156,46,normal
160,67,fat
141,49,normal
189,36,thin
190,69,normal
133,75,fat
131,35,normal
163,35,thin
150,95,fat
184,70,normal
194,65,thin
143,42,normal
198,70,thin
141,44,normal
171,72,normal
168,98,fat
161,81,fat
197,41,thin
133,63,fat
176,58,normal
174,52,thin
181,44,thin
148,89,fat
146,78,fat
141,50,fat
159,66,fat
145,60,fat
161,74,fat
142,58,fat
198,35,thin
139,82,fat
144,39,normal
194,57,thin
180,62,normal
155,82,fat
158,73,fat
195,49,thin
139,53,fat
184,90,fat
177,37,thin
141,35,thin
176,53,thin
175,39,thin
178,97,fat
162,69,fat
166,65,normal
154,71,fat
154,57,normal
199,48,thin
165,76,fat
142,58,fat
140,93,fat
167,81,fat
166,78,fat
163,82,fat
154,40,thin
200,93,normal
164,79,fat
179,83,fat
193,84,normal
173,84,fat
190,65,thin
188,81,normal
144,61,fat
194,63,thin
175,89,fat
160,84,fat
175,78,fat
187,55,thin
192,41,thin
182,35,thin
173,71,normal
185,47,thin
144,43,normal
160,68,fat
152,87,fat
167,52,normal
156,95,fat
153,55,normal
150,93,fat
190,83,normal
142,73,fat
145,58,fat
170,66,normal
178,40,thin
197,90,normal
158,80,fat
161,86,fat
153,73,fat
175,66,normal
178,35,thin
149,49,normal
141,42,normal
166,65,normal
183,39,thin
143,47,normal
198,50,thin
130,67,fat
136,37,normal
157,37,thin
151,96,fat
176,63,normal
168,74,fat
194,76,normal
191,54,thin
179,77,normal
170,42,thin
135,39,normal
175,100,fat
197,93,normal
169,48,thin
188,89,fat
137,75,fat
172,55,normal
149,69,fat
177,46,thin
197,38,thin
169,53,normal
138,80,fat
186,71,normal
171,88,fat
184,44,thin
184,95,fat
153,68,fat
169,35,thin
144,41,normal
134,42,normal
145,100,fat
179,56,thin
198,62,thin
196,72,normal
190,85,normal
158,64,fat
132,60,fat
181,99,fat
152,51,normal
180,91,fat
167,44,thin
172,99,fat
188,96,fat
191,41,thin
171,56,normal
182,49,thin
166,57,normal
183,99,fat
151,69,fat
162,78,fat
162,90,fat
186,93,fat
154,86,fat
153,74,fat
194,52,thin
135,76,fat
166,81,fat
133,95,fat
192,35,thin
185,50,thin
148,58,fat
132,48,fat
197,91,normal
166,86,fat
146,81,fat
139,46,normal
150,47,normal
176,96,fat
153,72,fat
196,58,thin
173,96,fat
162,48,thin
173,36,thin
132,42,normal
168,77,fat
156,99,fat
134,97,fat
157,38,thin
198,100,fat
147,86,fat
134,46,fat
175,55,thin
157,44,thin
155,39,thin
186,64,thin
169,68,normal
171,39,thin
133,43,normal
179,99,fat
169,38,thin
144,73,fat
145,37,thin
134,61,fat
136,77,fat
196,65,thin
154,58,normal
134,62,fat
143,64,fat
135,59,fat
200,80,normal
150,84,fat
187,69,normal
154,48,normal
173,46,thin
133,87,fat
136,96,fat
153,57,normal
165,80,fat
200,63,thin
199,83,normal
162,72,fat
170,97,fat
167,71,fat
148,99,fat
145,76,fat
193,78,normal
139,48,normal
137,50,fat
170,88,fat
157,42,thin
194,49,thin
166,86,fat
157,94,fat
195,42,thin
144,38,thin
131,56,fat
193,99,fat
161,77,fat
140,77,fat
178,63,normal
165,75,fat
183,85,fat
197,83,normal
134,83,fat
167,81,fat
169,90,fat
169,68,normal
199,93,normal
158,72,fat
135,43,normal
185,36,thin
194,78,normal
131,59,fat
159,37,thin
199,44,thin
169,58,normal
189,63,thin
149,48,normal
131,66,fat
200,54,thin
188,42,thin
163,52,normal
168,39,thin
145,65,fat
175,45,thin
156,86,fat
158,40,thin
163,97,fat
139,45,normal
131,48,fat
164,55,normal
151,67,fat
143,43,normal
135,42,normal
168,49,thin
140,60,fat
146,94,fat
138,90,fat
196,51,thin
182,95,fat
158,52,normal
181,46,thin
177,92,fat
158,51,normal
180,48,thin
160,84,fat
162,49,normal
181,69,normal
185,88,fat
193,72,normal
133,45,fat
190,62,thin
139,72,fat
198,60,thin
164,42,thin
151,75,fat
185,49,thin
189,86,normal
175,54,thin
169,75,fat
154,69,fat
146,71,fat
145,35,thin
180,85,fat
147,80,fat
198,37,thin
140,81,fat
144,50,normal
147,98,fat
170,79,fat
157,79,fat
150,45,normal
185,79,normal
200,86,normal
179,79,normal
179,92,fat
172,49,thin
184,79,normal
168,79,fat
139,63,fat
184,91,fat
150,44,normal
130,90,fat
194,75,normal
166,63,normal
151,98,fat
134,76,fat
163,77,fat
149,37,thin
178,46,thin
199,43,thin
161,84,fat
156,75,fat
174,52,thin
163,85,fat
150,35,thin
156,66,fat
164,95,fat
188,46,thin
165,59,normal
199,76,normal
180,83,fat
198,99,fat
185,96,fat
142,95,fat
187,39,thin
187,40,thin
163,45,thin
160,77,fat
173,92,fat
186,63,thin
152,85,fat
169,79,fat
185,78,normal
172,95,fat
149,73,fat
193,46,thin
133,98,fat
185,95,fat
187,42,thin
171,80,fat
182,39,thin
177,65,normal
171,50,thin
153,60,fat
196,47,thin
185,61,thin
198,96,normal
182,59,thin
175,54,thin
165,66,normal
190,75,normal
130,89,fat
153,51,normal
176,42,thin
131,78,fat
156,68,fat
169,70,normal
187,55,thin
172,88,fat
130,66,fat
162,51,normal
130,82,fat
161,44,thin
146,54,fat
139,42,normal
197,97,normal
164,46,thin
156,62,fat
166,86,fat
192,66,thin
163,45,thin
181,47,thin
136,80,fat
182,49,thin
132,51,fat
148,43,normal
145,46,normal
138,73,fat
197,93,normal
143,60,fat
152,46,normal
176,81,fat
200,95,normal
131,56,fat
189,77,normal
172,81,fat
135,44,normal
142,57,fat
198,84,normal
188,42,thin
179,61,normal
147,48,normal
174,53,thin
142,46,normal
143,78,fat
174,66,normal
142,98,fat
155,94,fat
182,86,fat
136,89,fat
192,56,thin
179,74,normal
165,58,normal
168,39,thin
149,39,thin
189,45,thin
188,94,fat
144,61,fat
146,98,fat
172,88,fat
149,82,fat
199,67,thin
142,64,fat
179,85,fat
144,47,normal
190,76,normal
164,97,fat
168,42,thin
155,92,fat
148,87,fat
151,57,normal
181,45,thin
176,62,normal
130,92,fat
139,91,fat
156,63,fat
199,75,normal
175,35,thin
181,92,fat
192,49,thin
131,91,fat
157,41,thin
136,93,fat
195,99,fat
176,98,fat
143,86,fat
145,87,fat
159,54,normal
180,47,thin
152,53,normal
152,96,fat
156,81,fat
158,64,fat
166,87,fat
135,70,fat
175,98,fat
140,41,normal
185,63,thin
182,38,thin
165,54,normal
162,94,fat
190,97,fat
142,41,normal
176,48,thin
172,48,thin
140,70,fat
182,61,thin
157,55,normal
141,39,normal
168,51,thin
199,97,normal
156,50,normal
192,49,thin
143,46,normal
133,46,fat
150,50,normal
162,74,fat
198,45,thin
138,78,fat
144,83,fat
175,62,normal
196,63,thin
171,46,thin
177,88,fat
183,48,thin
158,87,fat
133,84,fat
144,40,normal
160,42,thin
168,42,thin
132,80,fat
143,56,fat
131,87,fat
191,38,thin
187,59,thin
185,93,fat
145,49,normal
150,60,fat
178,67,normal
182,77,normal
144,81,fat
193,63,thin
165,73,fat
137,82,fat
200,98,normal
137,100,fat
166,76,fat
153,72,fat
138,51,fat
133,79,fat
135,88,fat
178,89,fat
157,57,normal
145,37,thin
136,35,normal
138,94,fat
187,73,normal
165,47,thin
195,41,thin
180,37,thin
192,72,normal
163,44,thin
143,50,normal
131,100,fat
154,44,normal
144,95,fat
168,50,thin
167,67,normal
151,55,normal
192,56,thin
182,47,thin
182,35,thin
185,88,fat
153,37,thin
200,43,thin
183,94,fat
131,95,fat
191,40,thin
158,73,fat
159,75,fat
130,82,fat
195,52,thin
190,82,normal
172,58,normal
157,93,fat
156,73,fat
144,51,normal
194,50,thin
146,76,fat
161,82,fat
200,87,normal
159,49,normal
186,64,thin
135,78,fat
149,78,fat
158,73,fat
149,99,fat
152,58,fat
199,46,thin
153,95,fat
197,65,thin
134,77,fat
141,84,fat
134,57,fat
200,96,normal
131,44,fat
132,57,fat
141,42,normal
166,78,fat
177,60,normal
181,50,thin
179,57,thin
136,82,fat
148,44,normal
200,93,normal
141,46,normal
161,56,normal
185,35,thin
156,64,fat
180,38,thin
176,71,normal
134,43,normal
186,62,thin
145,61,fat
166,84,fat
188,64,thin
130,51,fat
168,95,fat
174,87,fat
171,51,thin
168,47,thin
146,70,fat
147,80,fat
195,55,thin
178,64,normal
179,57,thin
180,63,normal
175,42,thin
199,54,thin
132,48,fat
179,88,fat
130,68,fat
170,87,fat
181,89,fat
167,79,fat
195,55,thin
197,92,normal
175,79,fat
158,95,fat
166,91,fat
146,88,fat
180,55,thin
198,56,thin
178,50,thin
157,99,fat
200,100,fat
199,65,thin
179,75,normal
153,68,fat
145,69,fat
163,69,fat
161,84,fat
173,97,fat
130,44,fat
135,46,fat
178,59,normal
151,51,normal
184,82,normal
144,92,fat
144,100,fat
161,74,fat
149,54,normal
189,87,normal
145,95,fat
168,52,thin
158,42,thin
162,86,fat
187,99,fat
141,61,fat
143,91,fat
159,93,fat
166,75,fat
158,91,fat
186,59,thin
191,47,thin
182,54,thin
164,45,thin
174,36,thin
153,62,fat
190,86,normal
155,58,normal
181,56,thin
164,52,normal
196,91,normal
196,87,normal
191,36,thin
188,99,fat
149,100,fat
157,36,thin
131,63,fat
164,90,fat
152,73,fat
147,55,fat
169,79,fat
150,49,normal
137,81,fat
168,47,thin
179,51,thin
175,49,thin
164,65,normal
187,47,thin
144,61,fat
170,94,fat
152,65,fat
183,69,normal
133,52,fat
180,91,fat
161,48,normal
191,74,normal
160,58,normal
176,42,thin
131,98,fat
148,88,fat
159,93,fat
165,79,fat
178,57,thin
149,91,fat
157,76,fat
200,76,normal
153,76,fat
162,91,fat
159,73,fat
135,97,fat
140,92,fat
176,36,thin
151,89,fat
182,56,thin
151,43,normal
198,71,thin
159,61,normal
199,97,normal
194,44,thin
197,57,thin
158,44,thin
144,64,fat
145,38,thin
197,44,thin
170,63,normal
193,63,thin
170,76,fat
167,63,normal
149,66,fat
153,77,fat
181,88,fat
169,39,thin
169,94,fat
158,47,normal
141,98,fat
141,45,normal
183,69,normal
194,38,thin
187,81,normal
195,63,thin
156,87,fat
139,52,fat
192,79,normal
186,55,thin
160,48,normal
164,81,fat
196,80,normal
140,93,fat
186,89,fat
136,42,normal
176,92,fat
178,79,normal
155,53,normal
139,90,fat
155,46,normal
135,52,fat
182,67,normal
183,61,thin
182,56,thin
185,50,thin
166,81,fat
139,87,fat
160,72,fat
183,52,thin
166,92,fat
186,90,fat
189,69,normal
155,42,thin
155,43,thin
145,65,fat
173,100,fat
157,58,normal
136,35,normal
162,84,fat
189,83,normal
167,41,thin
200,78,normal
178,92,fat
168,80,fat
138,70,fat
163,75,fat
195,36,thin
169,73,fat
162,61,normal
189,57,thin
177,40,thin
185,96,fat
174,82,fat
151,53,normal
144,40,normal
194,57,thin
142,40,normal
178,95,fat
131,78,fat
146,53,normal
191,37,thin
134,59,fat
184,49,thin
181,57,thin
150,80,fat
166,68,normal
198,79,normal
196,78,normal
162,41,thin
199,90,normal
176,35,thin
180,64,normal
171,98,fat
139,73,fat
175,88,fat
189,81,normal
138,79,fat
137,56,fat
184,56,thin
162,48,thin
198,76,normal
131,36,normal
149,94,fat
141,66,fat
198,95,normal
156,82,fat
172,48,thin
186,63,thin
178,41,thin
185,57,thin
184,48,thin
191,36,thin
158,99,fat
170,81,fat
196,50,thin
139,48,normal
196,70,thin
164,75,fat
167,100,fat
172,90,fat
195,87,normal
158,57,normal
160,95,fat
158,88,fat
147,83,fat
175,52,thin
189,46,thin
182,43,thin
159,83,fat
162,91,fat
199,79,normal
134,96,fat
138,89,fat
165,94,fat
130,74,fat
139,90,fat
152,49,normal
144,97,fat
174,73,normal
173,58,normal
143,71,fat
153,85,fat
195,54,thin
176,58,normal
150,88,fat
180,67,normal
178,84,fat
146,97,fat
163,39,thin
152,60,fat
190,94,fat
159,48,normal
194,92,normal
143,82,fat
159,59,normal
155,75,fat
151,81,fat
163,63,normal
145,39,normal
169,81,fat
168,41,thin
183,70,normal
141,83,fat
134,49,fat
151,79,fat
187,54,thin
197,71,thin
193,51,thin
141,77,fat
180,52,thin
188,73,normal
157,43,thin
149,48,normal
131,87,fat
140,48,normal
153,81,fat
158,40,thin
145,90,fat
200,83,normal
137,66,fat
186,93,fat
162,35,thin
149,49,normal
157,83,fat
151,75,fat
157,59,normal
169,68,normal
175,54,thin
164,40,thin
185,52,thin
193,39,thin
184,38,thin
179,98,fat
138,49,fat
135,82,fat
183,83,normal
169,97,fat
163,38,thin
148,54,normal
143,81,fat
177,68,normal
147,81,fat
193,84,normal
134,79,fat
142,83,fat
187,77,normal
145,52,normal
191,51,thin
158,45,thin
157,63,fat
133,57,fat
145,72,fat
187,45,thin
133,46,fat
195,81,normal
192,94,fat
131,57,fat
134,55,fat
140,47,normal
172,37,thin
169,58,normal
163,41,thin
186,63,thin
143,43,normal
174,58,normal
149,55,normal
180,38,thin
195,86,normal
131,38,normal
191,77,normal
175,42,thin
187,87,normal
152,43,normal
170,75,fat
130,64,fat
140,50,fat
145,92,fat
143,79,fat
186,79,normal
165,89,fat
188,38,thin
165,66,normal
182,92,fat
175,96,fat
162,38,thin
156,54,normal
177,41,thin
143,95,fat
149,77,fat
168,80,fat
185,47,thin
165,71,fat
185,77,normal
160,75,fat
178,64,normal
182,100,fat
193,46,thin
188,84,normal
161,86,fat
161,50,normal
155,66,fat
160,73,fat
142,83,fat
156,92,fat
138,38,normal
190,86,normal
149,71,fat
172,63,normal
150,62,fat
149,90,fat
196,68,thin
160,58,normal
186,43,thin
188,59,thin
162,63,normal
195,84,normal
149,69,fat
156,67,fat
143,40,normal
140,50,fat
143,42,normal
198,50,thin
172,84,fat
130,68,fat
147,46,normal
170,62,normal
181,73,normal
155,74,fat
130,69,fat
139,60,fat
195,65,thin
196,37,thin
168,68,normal
197,97,normal
179,39,thin
152,95,fat
140,64,fat
196,58,thin
143,38,normal
185,69,normal
173,86,fat
198,58,thin
152,69,fat
145,47,normal
159,40,thin
195,72,normal
140,70,fat
163,53,normal
144,99,fat
168,82,fat
143,57,fat
188,82,normal
174,50,thin
139,58,fat
178,72,normal
133,88,fat
139,51,fat
198,54,thin
146,83,fat
139,87,fat
166,76,fat
182,98,fat
196,52,thin
131,58,fat
166,66,normal
197,74,normal
190,69,normal
180,39,thin
141,71,fat
182,93,fat
199,76,normal
175,58,normal
147,54,normal
132,36,normal
153,67,fat
174,83,fat
152,46,normal
141,39,normal
168,89,fat
172,73,normal
179,60,normal
178,65,normal
183,38,thin
177,98,fat
151,84,fat
151,90,fat
186,64,thin
155,72,fat
167,77,fat
170,98,fat
176,57,thin
179,38,thin
144,79,fat
168,44,thin
144,77,fat
134,59,fat
171,56,normal
171,56,normal
130,38,normal
195,58,thin
166,46,thin
189,96,fat
163,42,thin
185,99,fat
178,37,thin
173,59,normal
181,97,fat
161,75,fat
194,92,normal
167,87,fat
183,92,fat
155,58,normal
173,75,fat
189,72,normal
196,85,normal
178,50,thin
200,42,thin
155,37,thin
172,35,thin
170,77,fat
165,75,fat
181,60,thin
144,75,fat
162,97,fat
149,59,fat
141,39,normal
153,83,fat
141,39,normal
136,72,fat
154,46,normal
181,62,normal
137,46,normal
131,92,fat
161,69,fat
178,35,thin
167,56,normal
187,89,fat
166,73,fat
155,79,fat
153,47,normal
161,50,normal
150,43,normal
155,43,thin
177,69,normal
155,97,fat
196,99,fat
185,57,thin
200,46,thin
173,65,normal
146,99,fat
143,75,fat
197,98,fat
174,36,thin
145,50,normal
156,69,fat
188,60,thin
141,52,fat
198,38,thin
